ammonium name,exp space vol,class 4 vol,fill factor,likelihood of class 4,inchikey,_feat_AtomCount_C,_feat_AtomCount_N,_feat_AvgPol,_feat_MolPol,_feat_Refractivity,_feat_AliphaticRingCount,_feat_AromaticRingCount,_feat_Aliphatic AtomCount,_feat_AromaticAtomCount,_feat_BondCount,_feat_CarboaliphaticRingCount,_feat_CarboaromaticRingCount,_feat_CarboRingCount,_feat_ChainAtomCount,_feat_ChiralCenterCount,_feat_RingAtomCount,_feat_SmallestRingSize,_feat_LargestRingSize,_feat_HeteroaliphaticRingCount,_feat_HeteroaromaticRing Count,_feat_RotatableBondCount,_feat_BalabanIndex,_feat_CyclomaticNumber,_feat_HyperWienerIndex,_feat_WienerIndex,_feat_WienerPolarity,_feat_MinimalProjectionArea,_feat_MaximalProjectionArea,_feat_MinimalProjectionRadius,_feat_MaximalProjectionRadius,_feat_LengthPerpendicularToTheMinArea,_feat_LengthPerpendicularToTheMaxArea,_feat_VanderWaalsVolume,_feat_VanderWaalsSurfaceArea,_feat_ASA,_feat_ASA+,_feat_ASA-,_feat_ASA_H,_feat_ASA_P,_feat_PolarSurfaceArea,_feat_acceptorcount,_feat_Accsitecount,_feat_donorcount,_feat_donsitecount,_feat_fr_NH2,_feat_fr_NH1,_feat_fr_NH0,_feat_fr_quatN,_feat_fr_ArN,_feat_fr_Ar_NH,_feat_fr_Imine,_feat_fr_amidine,_feat_fr_dihydropyridine,_feat_fr_guanido,_feat_fr_piperdine,_feat_fr_piperzine,_feat_fr_pyridine,_feat_maximalprojectionsize,_feat_minimalprojectionsize,_feat_molsurfaceareaVDWp,_feat_msareaVDWp,_feat_molsurfaceareaASAp,_feat_msareaASAp,_feat_ProtPolarSurfaceArea,_feat_Protpsa,_feat_Hacceptorcount,_feat_Hdonorcount
Methylammonium iodide,5.015944395,0.541576805,0.93,0.100413081,LLWRXQXPJMPHLR-UHFFFAOYSA-N,1,1,4.23,4.04,21.21,0,0,2,0,7,0,0,0,2,0,0,0,0,0,0,0,1,0,1,1,0,13.88,17.05,2.33,2.67,4.81,5.08,42.58,81.16,191.44,136.92,54.52,129.54,61.9,27.64,0,0,1,3,0,0,0,1,0,0,0,0,0,0,0,0,0,5.08,4.81,81.16,81.16,136.92,136.92,27.64,27.64,0,1
Ethylammonium Iodide,16.12588301,1.086507068,0.47,0.031666999,XFYICZOIWSBQSK-UHFFFAOYSA-N,2,1,6.09,5.88,25.96,0,0,3,0,10,0,0,0,3,0,0,0,0,0,0,0,1.63,0,5,4,0,17.09,22.85,2.59,3.3,6.59,5.17,59.49,112.02,215.57,154.04,61.53,164.65,50.92,27.64,0,0,1,3,0,0,0,1,0,0,0,0,0,0,0,0,0,5.17,6.59,112.02,112.02,154.04,154.04,27.64,27.64,0,1
n-Butylammonium iodide,3.961931744,0.056969154,0.14,0.002013079,CALQKRVFTWDYDG-UHFFFAOYSA-N,4,1,10,9.57,35.09,0,0,5,0,16,0,0,0,5,0,0,0,0,0,0,2,2.19,0,35,20,2,18.77,34.38,2.69,4.57,9.15,5.42,93.45,173.44,273.98,202.99,70.99,225.09,48.89,27.64,0,0,1,3,0,0,0,1,0,0,0,0,0,0,0,0,0,5.42,9.15,173.44,173.44,202.99,202.99,27.64,27.64,0,1
Formamidinium Iodide,3.642424794,3.015752636,0.64,0.529889235,QHJPGANWSLEMTI-UHFFFAOYSA-N,1,2,4.78,4.77,33.86,0,0,3,0,7,0,0,0,3,0,0,0,0,0,0,0,1.63,0,5,4,0,13.66,19.81,2.41,3.09,5.69,3.88,47.38,78.34,176.28,146.92,29.36,33.15,143.13,51.49,1,1,2,4,0,1,0,1,0,0,0,0,0,0,0,0,0,3.88,5.69,78.12,78.12,123.82,123.82,51.61,51.61,1,2
Acetamidinium iodide,13.96101957,8.263530455,0.26,0.153894055,GGYGJCFIYJVWIP-UHFFFAOYSA-N,2,2,6.58,6.57,27.86,0,0,4,0,10,0,0,0,4,0,0,0,0,0,0,0,2.32,0,12,9,0,17.01,26.37,3.14,3.23,6.02,4.26,62.84,110.9,212.36,172.93,39.44,139.66,72.7,51.61,1,1,2,4,2,0,0,0,0,0,0,1,0,0,0,0,0,4.26,6.02,110.9,110.9,172.93,172.93,51.61,51.61,1,2
Cyclohexylmethylammonium iodide,6.051424872,3.079778429,0.9,0.458040981,ZEVRFFCPALTVDN-UHFFFAOYSA-N,7,1,14.74,14.37,46.96,1,0,8,0,24,1,0,1,2,0,6,6,6,0,0,1,2.13,1,122,64,7,28.32,45.68,3.7,4.78,9.33,5.66,133.35,233.86,265.92,213.57,52.34,224.73,41.18,27.64,0,0,1,3,0,0,0,1,0,0,0,0,0,0,0,0,0,5.66,9.33,233.86,233.86,213.57,213.57,27.64,27.64,0,1
iso-Butylammonium iodide,10.97250759,6.02292294,0.77,0.422660967,FCTHQYIDLRRROX-UHFFFAOYSA-N,4,1,9.83,9.57,34.96,0,0,5,0,16,0,0,0,5,0,0,0,0,0,0,1,2.54,0,28,18,2,22.47,34.13,3.12,3.96,7.79,5.27,93.65,172.19,248.05,189.82,58.23,205.51,42.54,27.64,0,0,1,3,0,0,0,1,0,0,0,0,0,0,0,0,0,5.27,7.79,172.19,172.19,189.82,189.82,27.64,27.64,0,1
Dimethylammonium iodide,10.00537169,3.695666416,0.31,0.114504151,JMXLWMIFDJCGBV-UHFFFAOYSA-N,2,1,6.09,5.88,26.11,0,0,3,0,10,0,0,0,3,0,0,0,0,0,0,0,1.63,0,5,4,0,16.67,22.94,2.61,3.3,6.54,5.05,60.05,116.23,228.53,159.01,69.52,197.63,30.9,16.61,0,0,1,2,1,0,0,1,0,0,0,0,0,0,0,0,0,5.05,6.54,116.23,116.23,159.01,159.01,16.61,16.61,0,1
n-Dodecylammonium iodide,1.761819257,0.025886738,0.91,0.013370799,PXWSKGXEHZHFJA-UHFFFAOYSA-N,12,1,26.67,24.35,71.89,0,0,13,0,40,0,0,0,13,0,0,0,0,0,0,10,2.76,0,1365,364,10,32.95,80.65,4.07,9.65,19.06,7.19,229.29,417.97,524.51,398.73,125.78,481.73,42.78,27.64,0,0,1,3,0,0,0,1,0,0,0,0,0,0,0,0,0,7.19,19.06,417.97,417.97,398.73,398.73,27.64,27.64,0,1
Pyrrolidinium Iodide,9.426442151,1.128222382,0.33,0.039496703,DMFMZFFIQRMJQZ-UHFFFAOYSA-N,4,1,8.95,8.83,33.65,1,0,5,0,15,0,0,0,0,0,5,5,5,1,0,0,1.67,1,20,15,0,22.96,28.06,3.23,3.17,6.42,6.13,82.42,149.68,219.25,186.64,32.61,193.54,25.71,16.61,0,0,1,2,1,0,0,1,0,0,0,0,0,0,0,0,0,6.13,6.42,149.68,149.68,186.64,186.64,16.61,16.61,0,1
4-Fluoro-Phenethylammonium iodide,9.309852476,0.644789115,0.46,0.031859043,NOHLSFNWSBZSBW-UHFFFAOYSA-N,8,1,14.8,15.04,50.8,0,1,4,6,21,0,1,1,4,0,6,6,6,0,0,2,2.13,1,296,127,10,25.38,48.87,3.37,5.49,10.8,5.08,135.05,224.66,311.27,207.04,104.23,230.35,80.92,27.64,0,0,1,3,0,0,0,1,0,0,0,0,0,0,0,0,0,5.08,10.8,224.66,224.66,207.04,207.04,27.64,27.64,0,1
t-Butylammonium Iodide,11.56951193,0.99968122,0.72,0.062212692,NLJDBTZLVTWXRG-UHFFFAOYSA-N,4,1,9.73,9.57,35.02,0,0,5,0,16,0,0,0,5,0,0,0,0,0,0,0,3.02,0,22,16,0,25.82,29.4,3.36,3.38,5.77,5.96,93.72,177.46,241.69,175.03,66.66,207.3,34.38,27.64,0,0,1,3,0,0,0,1,0,0,0,0,0,0,0,0,0,5.96,5.77,177.46,177.46,175.03,175.03,27.64,27.64,0,1
4-Fluoro-Benzylammonium iodide,14.03324825,2.078600448,0.98,0.145157301,LCTUISCIGMWMAT-UHFFFAOYSA-N,7,1,12.74,13.28,46.04,0,1,3,6,18,0,1,1,3,0,6,6,6,0,0,1,1.94,1,187,90,9,24.13,43.98,3.37,4.92,9.78,5.21,118.01,193.91,279.65,185.74,93.91,201.33,78.32,27.64,0,0,1,3,0,0,0,1,0,0,0,0,0,0,0,0,0,5.21,9.78,193.91,193.91,185.74,185.74,27.64,27.64,0,1
Cyclohexylammonium iodide,12.55998647,0.354240527,0.6,0.016922336,WGYRINYTHSORGH-UHFFFAOYSA-N,6,1,12.75,12.53,42.23,1,0,7,0,21,1,0,1,1,0,6,6,6,0,0,0,1.82,1,71,42,5,27.42,40.27,3.7,4.16,8,5.26,116.33,203.38,239.79,190.26,49.54,200.12,39.68,27.64,0,0,1,3,0,0,0,1,0,0,0,0,0,0,0,0,0,5.26,8,203.38,203.38,190.26,190.26,27.64,27.64,0,1
Morpholinium Iodide,14.69475522,1.209154846,0.42,0.034559612,VAWHFUNJDMQUSB-UHFFFAOYSA-N,4,1,9.77,9.53,35.18,1,0,6,0,16,0,0,0,0,0,6,6,6,1,0,0,2,1,42,27,3,23.07,32.54,3.25,3.64,6.7,5.52,92.04,163.83,230.48,215.42,15.05,191.84,38.63,25.84,1,2,1,2,1,0,0,1,0,0,0,0,0,0,0,0,0,5.52,6.7,163.83,163.83,215.42,215.42,25.84,25.84,1,1
Piperidinium Iodide,18.33935944,0.249255938,0.39,0.005300611,HBPSMMXRESDUSG-UHFFFAOYSA-N,5,1,10.82,10.68,38.25,1,0,6,0,18,0,0,0,0,0,6,6,6,1,0,0,2,1,42,27,3,26.88,34.63,3.59,3.68,7.07,5.27,99.74,178.29,228.15,172.57,55.57,205.89,22.25,16.61,0,0,1,2,1,0,0,1,0,0,0,0,0,0,1,0,0,5.27,7.07,178.29,178.29,172.57,172.57,16.61,16.61,0,1
n-Hexylammonium iodide,15.05191586,2.030729177,0.03,0.00404745,VNAAUNTYIONOHR-UHFFFAOYSA-N,6,1,14.07,13.27,44.29,0,0,7,0,22,0,0,0,7,0,0,0,0,0,0,4,2.45,0,126,56,4,20.7,45.87,2.89,5.85,11.69,5.92,127.43,234.33,328.43,246.47,81.96,285.95,42.47,27.64,0,0,1,3,0,0,0,1,0,0,0,0,0,0,0,0,0,5.92,11.69,234.33,234.33,246.47,246.47,27.64,27.64,0,1
"N,N-Diethylpropane-1,3-diammonium iodide",4.968808712,0.000744473,0.5,7.49146E-05,NXRUEVJQMBGVAT-UHFFFAOYSA-N,7,2,17.53,16.56,64.61,0,0,9,0,28,0,0,0,9,0,0,0,0,0,0,5,3.09,0,242,104,8,34.16,55.8,4.32,5.42,10.69,6,160.34,294.02,359.43,285.85,73.58,304.69,54.74,32.08,0,0,2,4,0,1,0,2,0,0,0,0,0,0,0,0,0,6,10.69,294.02,294.02,285.85,285.85,32.08,32.08,0,2
"N,N-dimethylpropane- 1,3-diammonium iodide",8.013680787,0.924385806,0.47,0.054214953,JERSPYRKVMAEJY-UHFFFAOYSA-N,5,2,13.6,12.87,55.11,0,0,7,0,22,0,0,0,7,0,0,0,0,0,0,3,2.68,0,108,52,4,24.96,44.72,3.28,5.19,10.09,5.66,126.21,232.97,308.89,244.08,64.81,251.42,57.48,32.08,0,0,2,4,0,1,0,2,0,0,0,0,0,0,0,0,0,5.66,10.09,232.97,232.97,244.08,244.08,32.08,32.08,0,2
"N,N-Dimethylethane- 1,2-diammonium iodide",5.799903224,0,0,0,BAMDIFIROXTEEM-UHFFFAOYSA-N,4,2,11.57,11.03,50.25,0,0,6,0,19,0,0,0,6,0,0,0,0,0,0,2,2.63,0,58,32,3,22.95,39.14,3.13,4.55,9.08,5.31,109.27,202.37,275.35,229.29,46.05,218.87,56.48,32.08,0,0,2,4,0,1,0,2,0,0,0,0,0,0,0,0,0,5.31,9.08,202.37,202.37,229.29,229.29,32.08,32.08,0,2
Pyridinium Iodide,4.487721359,0,0,0,BJDYCCHRZIFCGN-UHFFFAOYSA-N,5,1,8.66,9.68,25.16,0,1,0,6,12,0,0,0,0,0,6,6,6,0,1,0,2,1,42,27,3,19.09,33.64,3.39,3.62,7.22,3.4,80.02,132.81,239.88,222.49,17.39,185.06,54.82,14.14,0,0,1,1,0,1,0,0,0,1,0,0,0,0,0,0,1,3.4,7.22,132.81,132.81,222.49,222.49,14.14,14.14,0,1
neo-Pentylammonium iodide,5.367046988,0.058794866,0.593,0.00649619,CQWGDVVCKBJLNX-UHFFFAOYSA-N,5,1,11.59,11.42,39.35,0,0,6,0,19,0,0,0,6,0,0,0,0,0,0,1,3.17,0,44,28,3,27.08,34.29,3.38,3.96,7.87,6.2,110.9,207.49,254.69,195.11,59.57,217.8,36.88,27.64,0,0,1,3,0,0,0,1,0,0,0,0,0,0,0,0,0,6.2,7.87,207.49,207.49,195.11,195.11,27.64,27.64,0,1
4-Fluoro-Phenylammonium iodide,5.166867123,0.346775696,0.383,0.025705149,FJFIJIDZQADKEE-UHFFFAOYSA-N,6,1,10.83,11.42,41.21,0,1,2,6,15,0,1,1,2,0,6,6,6,0,0,0,2.19,1,115,62,7,20.46,40.17,3.35,4.29,8.57,3.97,101.09,163.01,256.13,223.51,32.62,171.72,84.41,27.64,0,0,1,3,0,0,0,1,0,0,0,0,0,0,0,0,0,3.97,8.57,163.01,163.01,223.51,223.51,27.64,27.64,0,1
N-propylammonium Iodide,11.92434821,0,0,0,GIAPQOZCVIEHNY-UHFFFAOYSA-N,3,1,8.03,7.73,30.48,0,0,4,0,13,0,0,0,4,0,0,0,0,0,0,1,1.97,0,15,10,1,18.32,28.68,2.71,3.94,7.6,5.19,76.51,142.9,243.38,177.81,65.57,193.89,49.49,27.64,0,0,1,3,0,0,0,1,0,0,0,0,0,0,0,0,0,5.19,7.6,142.9,142.9,177.81,177.81,27.64,27.64,0,1
n-Octylammonium Iodide,8.300653786,0,0,0,HBZSVMFYMAOGRS-UHFFFAOYSA-N,8,1,18.22,16.96,53.49,0,0,9,0,28,0,0,0,9,0,0,0,0,0,0,6,2.6,0,330,120,6,24.43,57.88,3.21,7.17,14.18,5.48,161.41,295.58,394.28,297.41,96.87,351.81,42.47,27.64,0,0,1,3,0,0,0,1,0,0,0,0,0,0,0,0,0,5.48,14.18,295.58,295.58,297.41,297.41,27.64,27.64,0,1
"Ethane-1,2-diammonium iodide",1.468821997,0.396219669,0.891,0.240350244,IWNWLPUNKAYUAW-UHFFFAOYSA-N,2,2,7.76,7.34,40.45,0,0,4,0,13,0,0,0,4,0,0,0,0,0,0,1,1.97,0,15,10,1,17.79,28.03,2.69,3.88,7.75,5.1,73.86,131.32,209.1,191.47,17.63,111.65,97.45,55.28,0,0,2,6,0,0,0,2,0,0,0,0,0,0,0,0,0,5.1,7.75,131.32,131.32,191.47,191.47,55.28,55.28,0,2
Imidazolium Iodide,2.012076404,1.133183434,0.733,0.412819044,JBOIAZWJIACNJF-UHFFFAOYSA-N,3,2,6.88,7.48,30.65,1,0,5,0,10,0,0,0,0,0,5,5,5,1,0,0,1.67,1,20,15,0,17.26,25.56,2.91,3.18,6.06,4.07,62.81,89.55,163.99,144.73,19.26,62.03,101.96,28.97,1,1,1,2,1,0,1,1,0,0,1,0,0,0,0,0,0,4.07,6.06,90.74,90.74,172.41,172.41,26,26,1,2
Phenylammonium Iodide,4.559195864,1.154505209,0.602,0.152441825,KFQARYBEAKAXIC-UHFFFAOYSA-N,6,1,10.73,11.79,40.99,0,1,1,6,15,0,1,1,1,0,6,6,6,0,0,0,1.82,1,71,42,5,20.14,38.57,3.4,4.01,8,3.87,96.22,155.97,249.23,179.39,69.84,197.52,51.71,27.64,0,0,1,3,0,0,0,1,0,0,0,0,0,0,0,0,0,3.87,8,155.97,155.97,179.39,179.39,27.64,27.64,0,1
4-Trifluoromethyl-Phenylammonium iodide,12.31602086,0.590450129,0.556,0.026655547,KOAGKPNEVYEZDU-UHFFFAOYSA-N,7,1,13.18,12.94,46.96,0,1,5,6,18,0,1,1,5,0,6,6,6,0,0,1,2.18,1,340,152,13,23.91,46.91,3.48,4.78,9.5,5.02,128.06,206,302.03,189.88,112.15,146.27,155.76,27.64,0,0,1,3,0,0,0,1,0,0,0,0,0,0,0,0,0,5.02,9.5,206,206,189.88,189.88,27.64,27.64,0,1
Di-isopropylammonium iodide,2.700293056,0,0,0,PBGZCCFVBVEIAS-UHFFFAOYSA-N,6,1,13.62,13.27,44.44,0,0,7,0,22,0,0,0,7,0,0,0,0,0,0,2,2.95,0,91,48,4,28.74,41.21,3.37,4.49,8.46,6.12,128.14,236.93,302.2,230.8,71.4,288.54,13.65,16.61,0,0,1,2,1,0,0,1,0,0,0,0,0,0,0,0,0,6.12,8.46,236.93,236.93,230.8,230.8,16.61,16.61,0,1
Benzylammonium Iodide,8.768202759,0,0,0,PPCHYMCMRUGLHR-UHFFFAOYSA-N,7,1,12.63,13.66,45.82,0,1,2,6,18,0,1,1,2,0,6,6,6,0,0,1,2.13,1,122,64,7,24.65,42.12,3.52,4.68,9.2,5,113.17,186.95,272.92,196.91,76.01,227.04,45.88,27.64,0,0,1,3,0,0,0,1,0,0,0,0,0,0,0,0,0,5,9.2,186.95,186.95,196.91,196.91,27.64,27.64,0,1
4-methoxy-phenethylammonium-iodide,6.132722319,0,0,0,QNNYEDWTOZODAS-UHFFFAOYSA-N,9,1,17.7,17.92,57.04,0,1,5,6,25,0,1,1,5,0,6,6,6,0,0,3,1.94,1,432,170,12,28.03,53.7,3.45,6.03,12.05,6.17,156.29,265.89,370.82,293.82,77,303.81,67.01,36.87,1,2,1,3,0,0,0,1,0,0,0,0,0,0,0,0,0,6.17,12.05,265.89,265.89,293.82,293.82,36.87,36.87,1,1
4-Methoxy-Phenylammonium iodide,5.506909042,0.009211495,0.25,0.000418179,QRFXELVDJSDWHX-UHFFFAOYSA-N,7,1,13.7,14.28,47.45,0,1,3,6,19,0,1,1,3,0,6,6,6,0,0,1,1.94,1,187,90,9,24.08,45.96,3.45,5.09,10.11,5.59,122.32,204.29,312.97,244.72,68.26,242.32,70.65,36.87,1,2,1,3,0,0,0,1,0,0,0,0,0,0,0,0,0,5.59,10.11,204.29,204.29,244.72,244.72,36.87,36.87,1,1
"Piperazine-1,4-diium iodide",2.769501196,0,0,0,QZCGFUVVXNFSLE-UHFFFAOYSA-N,4,2,10.57,10.29,48.28,1,0,6,0,18,0,0,0,0,0,6,6,6,1,0,0,2,1,42,27,3,26.05,33.74,3.38,3.63,7.14,5.64,97.64,171.04,211.24,211.24,0,167.18,44.06,33.22,0,0,2,4,2,0,0,2,0,0,0,0,0,0,0,1,0,5.64,7.14,171.04,171.04,211.24,211.24,33.22,33.22,0,2
"1,4-Benzene diammonium iodide",3.593054749,0,0,0,RYYSZNVPBLKLRS-UHFFFAOYSA-N,6,2,12.61,13.2,55.92,0,1,2,6,18,0,1,1,2,0,6,6,6,0,0,0,2.19,1,115,62,7,22.02,42.74,3.5,4.46,8.86,4.31,110.43,176.15,256.81,256.81,0,153.29,103.52,55.28,0,0,2,6,0,0,0,2,0,0,0,0,0,0,0,0,0,4.31,8.86,176.15,176.15,256.81,256.81,55.28,55.28,0,2
4-Trifluoromethyl-Benzylammonium iodide,10.94667598,0,0,0,SQXJHWOXNLTOOO-UHFFFAOYSA-N,8,1,15.12,14.75,51.8,0,1,6,6,21,0,1,1,6,0,6,6,6,0,0,2,2.36,1,496,201,15,27.16,50.8,3.52,5.39,10.59,5.23,145.09,236.68,326.91,177.72,149.19,177.53,149.38,27.64,0,0,1,3,0,0,0,1,0,0,0,0,0,0,0,0,0,5.23,10.59,236.68,236.68,177.72,177.72,27.64,27.64,0,1
"Propane-1,3-diammonium iodide",2.375336257,0.315573333,0.989,0.131392777,UMDDLGMCNFAZDX-UHFFFAOYSA-O,3,2,9.74,9.18,45.32,0,0,5,0,16,0,0,0,5,0,0,0,0,0,0,2,2.19,0,35,20,2,19.68,33.72,2.89,4.51,8.91,5.16,90.86,162.05,240.84,197.61,43.22,142.53,98.31,55.28,0,0,2,6,0,0,0,2,0,0,0,0,0,0,0,0,0,5.16,8.91,162.05,162.05,197.61,197.61,55.28,55.28,0,2
Phenethylammonium iodide,2.16655587,0,0,0,UPHCENSIMPJEIS-UHFFFAOYSA-N,8,1,14.69,15.43,50.58,0,1,3,6,21,0,1,1,3,0,6,6,6,0,0,2,1.85,1,203,94,8,24.96,46.76,3.37,5.03,10.13,5.96,130.2,217.67,304.55,218.15,86.4,256.14,48.41,27.64,0,0,1,3,0,0,0,1,0,0,0,0,0,0,0,0,0,5.96,10.13,217.67,217.67,218.15,218.15,27.64,27.64,0,1
2-Pyrrolidin-1-ium-1-ylethylammonium iodide,5.859753689,0,0,0,UVLZLKCGKYLKOR-UHFFFAOYSA-N,6,2,14.6,13.98,57.79,1,0,8,0,24,0,0,0,3,0,5,5,5,1,0,2,2.06,1,135,67,5,25.85,44.29,3.23,5.03,10.25,6.39,131.49,235.46,281.41,258.43,22.98,226.65,54.76,32.08,0,0,2,4,0,1,0,2,0,0,0,0,0,0,0,0,0,6.39,10.25,235.46,235.46,258.43,258.43,32.08,32.08,0,2
tert-Octylammonium iodide,5.111179173,0,0,0,UXYJHTKQEFCXBJ-UHFFFAOYSA-N,8,1,17.19,16.96,53.17,0,0,9,0,28,0,0,0,9,0,0,0,0,0,0,2,3.75,0,173,88,6,31.48,45.62,3.39,4.64,9.14,6.06,162.42,301.19,304.39,239.21,65.18,283.03,21.36,27.64,0,0,1,3,0,0,0,1,0,0,0,0,0,0,0,0,0,6.06,9.14,301.19,301.19,239.21,239.21,27.64,27.64,0,1
iso-Pentylammonium iodide,7.569762718,0,0,0,UZHWWTHDRVLCJU-UHFFFAOYSA-N,5,1,11.82,11.42,39.63,0,0,6,0,19,0,0,0,6,0,0,0,0,0,0,2,2.63,0,58,32,3,22.8,39.83,3.18,4.6,9.19,5.3,110.65,203.2,282.67,215.08,67.59,234.42,48.24,27.64,0,0,1,3,0,0,0,1,0,0,0,0,0,0,0,0,0,5.3,9.19,203.2,203.2,215.08,215.08,27.64,27.64,0,1
i-Propylammonium iodide,7.579605245,0.057910698,0.647,0.004943295,VMLAEGAAHIIWJX-UHFFFAOYSA-N,3,1,7.93,7.73,30.38,0,0,4,0,13,0,0,0,4,0,0,0,0,0,0,0,2.32,0,12,9,0,21.99,28.47,3.16,3.36,6.58,5.24,76.57,141.67,227.06,167.58,59.48,184.98,42.08,27.64,0,0,1,3,0,0,0,1,0,0,0,0,0,0,0,0,0,5.24,6.58,141.67,141.67,167.58,167.58,27.64,27.64,0,1
"Butane-1,4-diammonium Iodide",4.434658121,0,0,0,XZUCBFLUEBDNSJ-UHFFFAOYSA-N,4,2,11.75,11.03,49.96,0,0,6,0,19,0,0,0,6,0,0,0,0,0,0,3,2.34,0,70,35,3,19.69,39.38,2.86,5.15,10.3,5.32,107.81,192.61,272.87,230.32,42.55,175.02,97.85,55.28,0,0,2,6,0,0,0,2,0,0,0,0,0,0,0,0,0,5.32,10.3,192.61,192.61,230.32,230.32,55.28,55.28,0,2
Diethylammonium iodide,12.5931335,0,0,0,YYMLRIWBISZOMT-UHFFFAOYSA-N,4,1,10,9.57,35.61,0,0,5,0,16,0,0,0,5,0,0,0,0,0,0,2,2.19,0,35,20,2,19.22,34.28,2.8,4.54,9.15,5.73,93.95,177.5,287.17,206.64,80.53,267.53,19.64,16.61,0,0,1,2,1,0,0,1,0,0,0,0,0,0,0,0,0,5.73,9.15,177.5,177.5,206.64,206.64,16.61,16.61,0,1
Guanidinium iodide,6.619895822,0.50635133,0.742,0.056755075,UUDRLGYROXTISK-UHFFFAOYSA-N,1,3,5.94,5.89,26.66,0,0,4,0,9,0,0,0,4,0,0,0,0,0,0,0,2.32,0,12,9,0,15.91,25.66,3.01,3.14,6.29,3.59,57.06,95.68,185.35,120.89,64.46,69.53,115.82,77.63,2,2,3,6,3,0,0,0,0,0,0,0,0,1,0,0,0,3.59,6.29,95.68,95.68,120.89,120.89,77.63,77.63,2,3
